year,player,position,player_pos,price,manager
2022,Travis Kelce,TE,Travis Kelce (TE),38,Noah
2022,DK Metcalf,WR,DK Metcalf (WR),18,Noah
2022,Alvin Kamara,RB,Alvin Kamara (RB),7,Noah
2022,Tyreek Hill,WR,Tyreek Hill (WR),41,Noah
2022,David Montgomery,RB,David Montgomery (RB),26,Noah
2022,Kyler Murray,QB,Kyler Murray (QB),6,Noah
2022,A.J. Brown,WR,A.J. Brown (WR),25,Noah
2022,Chris Godwin,WR,Chris Godwin (WR),17,Noah
2022,Trey Lance,QB,Trey Lance (QB),1,Noah
2022,Amon-Ra St. Brown,WR,Amon-Ra St. Brown (WR),8,Noah
2022,Matthew Stafford,QB,Matthew Stafford (QB),6,Noah
2022,Trevor Lawrence,QB,Trevor Lawrence (QB),1,Noah
2022,Robbie Gould,K,Robbie Gould (K),1,Noah
2022,Noah Fant,TE,Noah Fant (TE),1,Noah
2022,Tony Pollard,RB,Tony Pollard (RB),2,Noah
2022,Derrick Henry,RB,Derrick Henry (RB),60,Peggy
2022,Kyle Pitts,TE,Kyle Pitts (TE),32,Peggy
2022,DJ Moore,WR,DJ Moore (WR),30,Peggy
2022,Tom Brady,QB,Tom Brady (QB),11,Peggy
2022,Ezekiel Elliott,RB,Ezekiel Elliott (RB),14,Peggy
2022,Michael Pittman Jr.,WR,Michael Pittman Jr. (WR),22,Peggy
2022,Elijah Mitchell,RB,Elijah Mitchell (RB),15,Peggy
2022,Evan McPherson,K,Evan McPherson (K),3,Peggy
2022,Garrett Wilson,WR,Garrett Wilson (WR),1,Peggy
2022,Skyy Moore,WR,Skyy Moore (WR),1,Peggy
2022,Kareem Hunt,RB,Kareem Hunt (RB),2,Peggy
2022,Kadarius Toney,WR,Kadarius Toney (WR),1,Peggy
2022,Raheem Mostert,RB,Raheem Mostert (RB),1,Peggy
2022,Matt Ryan,QB,Matt Ryan (QB),1,Peggy
2022,Treylon Burks,WR,Treylon Burks (WR),1,Peggy
2022,James Conner,RB,James Conner (RB),29,Tom
2022,Patrick Mahomes,QB,Patrick Mahomes (QB),20,Tom
2022,Josh Allen,QB,Josh Allen (QB),32,Tom
2022,Mark Andrews,TE,Mark Andrews (TE),40,Tom
2022,Leonard Fournette,RB,Leonard Fournette (RB),36,Tom
2022,Keenan Allen,WR,Keenan Allen (WR),30,Tom
2022,Hunter Renfrow,WR,Hunter Renfrow (WR),3,Tom
2022,Dawson Knox,TE,Dawson Knox (TE),1,Tom
2022,Cordarrelle Patterson,RB,Cordarrelle Patterson (RB),1,Tom
2022,Daniel Carlson,K,Daniel Carlson (K),1,Tom
2022,DJ Chark,WR,DJ Chark (WR),1,Tom
2022,J.D. McKissick,RB,J.D. McKissick (RB),1,Tom
2022,Marquez Valdez-Scantling,WR,Marquez Valdez-Scantling (WR),1,Tom
2022,Tyler Bass,K,Tyler Bass (K),1,Tom
2022,Jonathan Taylor,RB,Jonathan Taylor (RB),75,David
2022,Deebo Samuel,WR,Deebo Samuel (WR),46,David
2022,Nick Chubb,RB,Nick Chubb (RB),28,David
2022,Cam Akers,RB,Cam Akers (RB),19,David
2022,George Kittle,TE,George Kittle (TE),11,David
2022,Jalen Hurts,QB,Jalen Hurts (QB),5,David
2022,Amari Cooper,WR,Amari Cooper (WR),7,David
2022,Justin Fields,QB,Justin Fields (QB),1,David
2022,Robert Woods,WR,Robert Woods (WR),1,David
2022,Michael Carter,RB,Michael Carter (RB),1,David
2022,Russell Gage,WR,Russell Gage (WR),1,David
2022,Tyler Boyd,WR,Tyler Boyd (WR),1,David
2022,Jahan Dotson,WR,Jahan Dotson (WR),1,David
2022,Jarvis Landry,WR,Jarvis Landry (WR),1,David
2022,Matt Prater,K,Matt Prater (K),1,David
2022,Ja'Marr Chase,WR,Ja'Marr Chase (WR),60,Michael
2022,CeeDee Lamb,WR,CeeDee Lamb (WR),49,Michael
2022,Dalvin Cook,RB,Dalvin Cook (RB),52,Michael
2022,Joe Burrow,QB,Joe Burrow (QB),6,Michael
2022,AJ Dillon,RB,AJ Dillon (RB),5,Michael
2022,Darnell Mooney,WR,Darnell Mooney (WR),8,Michael
2022,Rashod Bateman,WR,Rashod Bateman (WR),5,Michael
2022,Damien Harris,RB,Damien Harris (RB),3,Michael
2022,Damien Pierce,RB,Damien Pierce (RB),4,Michael
2022,Rashaad Penny,RB,Rashaad Penny (RB),1,Michael
2022,Cole Kmet,TE,Cole Kmet (TE),1,Michael
2022,Melvin Gordon III,RB,Melvin Gordon III (RB),1,Michael
2022,Hunter Henry,TE,Hunter Henry (TE),2,Michael
2022,Brandon McManus,K,Brandon McManus (K),1,Michael
2022,Darrell Henderson Jr.,RB,Darrell Henderson Jr. (RB),1,Michael
2022,Najee Harris,RB,Najee Harris (RB),50,Dongbo
2022,Terry McLaurin,WR,Terry McLaurin (WR),21,Dongbo
2022,Mike Evans,WR,Mike Evans (WR),30,Dongbo
2022,Aaron Rodgers,QB,Aaron Rodgers (QB),7,Dongbo
2022,Tee Higgins,WR,Tee Higgins (WR),28,Dongbo
2022,Mike Williams,WR,Mike Williams (WR),18,Dongbo
2022,Allen Robinson II,WR,Allen Robinson II (WR),8,Dongbo
2022,Clyde Edwards-Helaire,RB,Clyde Edwards-Helaire (RB),5,Dongbo
2022,Courtland Sutton,WR,Courtland Sutton (WR),11,Dongbo
2022,Antonio Gibson,RB,Antonio Gibson (RB),7,Dongbo
2022,Juju Smith-Schuster,WR,Juju Smith-Schuster (WR),7,Dongbo
2022,Christian Kirk,WR,Christian Kirk (WR),4,Dongbo
2022,Pat Freiermuth,TE,Pat Freiermuth (TE),1,Dongbo
2022,James Robinson,RB,James Robinson (RB),1,Dongbo
2022,Nick Folk,K,Nick Folk (K),1,Dongbo
2022,Joe Mixon,RB,Joe Mixon (RB),48,Yiding
2022,Davante Adams,WR,Davante Adams (WR),57,Yiding
2022,Lamar Jackson,QB,Lamar Jackson (QB),14,Yiding
2022,Adam Thielen,WR,Adam Thielen (WR),9,Yiding
2022,Javonte Williams,RB,Javonte Williams (RB),28,Yiding
2022,J.K. Dobbins,RB,J.K. Dobbins (RB),7,Yiding
2022,Michael Thomas,WR,Michael Thomas (WR),4,Yiding
2022,Jerry Jeudy,WR,Jerry Jeudy (WR),7,Yiding
2022,Dalton Schultz,TE,Dalton Schultz (TE),10,Yiding
2022,Devin Singletary,RB,Devin Singletary (RB),4,Yiding
2022,Kenneth Walker III,RB,Kenneth Walker III (RB),1,Yiding
2022,Harrison Butker,K,Harrison Butker (K),1,Yiding
2022,Rhamondre Stevenson,RB,Rhamondre Stevenson (RB),3,Yiding
2022,Kirk Cousins,QB,Kirk Cousins (QB),3,Yiding
2022,Brandon Aiyuk,WR,Brandon Aiyuk (WR),2,Yiding
2022,Christian McCaffrey,RB,Christian McCaffrey (RB),64,Goutham
2022,Stefon Diggs,WR,Stefon Diggs (WR),41,Goutham
2022,D'Andre Swift,RB,D'Andre Swift (RB),38,Goutham
2022,Travis Etienne Jr.,RB,Travis Etienne Jr. (RB),17,Goutham
2022,Justin Herbert,QB,Justin Herbert (QB),11,Goutham
2022,Brandin Cooks,WR,Brandin Cooks (WR),16,Goutham
2022,Tyler Higbee,TE,Tyler Higbee (TE),1,Goutham
2022,DeVonta Smith,WR,DeVonta Smith (WR),3,Goutham
2022,Zach Ertz,TE,Zach Ertz (TE),2,Goutham
2022,Chase Claypool,WR,Chase Claypool (WR),1,Goutham
2022,Younghoe Koo,K,Younghoe Koo (K),1,Goutham
2022,Michael Gallup,WR,Michael Gallup (WR),1,Goutham
2022,Ryan Tannehill,QB,Ryan Tannehill (QB),1,Goutham
2022,Nyheim Hines,RB,Nyheim Hines (RB),1,Goutham
2022,Mike Gesicki,TE,Mike Gesicki (TE),1,Goutham
2022,Saquon Barkley,RB,Saquon Barkley (RB),35,Vinny
2022,Justin Jefferson,WR,Justin Jefferson (WR),63,Vinny
2022,Aaron Jones,RB,Aaron Jones (RB),27,Vinny
2022,Marquise Brown,WR,Marquise Brown (WR),12,Vinny
2022,Diontae Johnson,WR,Diontae Johnson (WR),16,Vinny
2022,Darren Waller,TE,Darren Waller (TE),10,Vinny
2022,Dallas Goedert,TE,Dallas Goedert (TE),7,Vinny
2022,Miles Sanders,RB,Miles Sanders (RB),5,Vinny
2022,Russell Wilson,QB,Russell Wilson (QB),4,Vinny
2022,Drake London,WR,Drake London (WR),5,Vinny
2022,James Cook III,RB,James Cook III (RB),1,Vinny
2022,Derek Carr,QB,Derek Carr (QB),5,Vinny
2022,Matt Gay,K,Matt Gay (K),1,Vinny
2022,Jakobi Meyers,WR,Jakobi Meyers (WR),1,Vinny
2022,Allen Lazard,WR,Allen Lazard (WR),6,Vinny
2022,Austin Ekeler,RB,Austin Ekeler (RB),69,Sam
2022,Cooper Kupp,WR,Cooper Kupp (WR),67,Sam
2022,Breece Hall,RB,Breece Hall (RB),8,Sam
2022,Dak Prescott,QB,Dak Prescott (QB),1,Sam
2022,Jaylen Waddle,WR,Jaylen Waddle (WR),15,Sam
2022,Josh Jacobs,RB,Josh Jacobs (RB),8,Sam
2022,Justin Tucker,K,Justin Tucker (K),2,Sam
2022,Gabe Davis,WR,Gabe Davis (WR),8,Sam
2022,Elijah Moore,WR,Elijah Moore (WR),4,Sam
2022,T.J. Hockenson,TE,T.J. Hockenson (TE),3,Sam
2022,Tyler Lockett,WR,Tyler Lockett (WR),2,Sam
2022,Chris Olave,WR,Chris Olave (WR),1,Sam
2022,DeAndre Hopkins,WR,DeAndre Hopkins (WR),1,Sam
2022,Chase Edmonds,RB,Chase Edmonds (RB),4,Sam
2022,Tua Tagovailoa,QB,Tua Tagovailoa (QB),3,Sam
2023,Josh Allen,QB,Josh Allen (QB),32,Noah
2023,Kenneth Walker III,RB,Kenneth Walker III (RB),12,Noah
2023,Chris Godwin,WR,Chris Godwin (WR),16,Noah
2023,Jonathan Taylor,RB,Jonathan Taylor (RB),17,Noah
2023,A.J. Brown,WR,A.J. Brown (WR),46,Noah
2023,Jahmyr Gibbs,RB,Jahmyr Gibbs (RB),36,Noah
2023,Mike Evans,WR,Mike Evans (WR),8,Noah
2023,Tee Higgins,WR,Tee Higgins (WR),25,Noah
2023,Jake Moody,K,Jake Moody (K),1,Noah
2023,Dallas Goedert,TE,Dallas Goedert (TE),2,Noah
2023,Dak Prescott,QB,Dak Prescott (QB),1,Noah
2023,Devin Singletary,RB,Devin Singletary (RB),1,Noah
2023,Rondale Moore,WR,Rondale Moore (WR),1,Noah
2023,Allen Lazard,WR,Allen Lazard (WR),1,Noah
2023,George Kittle,TE,George Kittle (TE),16,Peggy
2023,Christian McCaffrey,RB,Christian McCaffrey (RB),84,Peggy
2023,Stefon Diggs,WR,Stefon Diggs (WR),56,Peggy
2023,Justin Herbert,QB,Justin Herbert (QB),19,Peggy
2023,Mike Williams,WR,Mike Williams (WR),7,Peggy
2023,Brian Robinson Jr.,RB,Brian Robinson Jr. (RB),3,Peggy
2023,Brandin Cooks,WR,Brandin Cooks (WR),3,Peggy
2023,D'Andre Swift,RB,D'Andre Swift (RB),3,Peggy
2023,Juju Smith-Schuster,WR,Juju Smith-Schuster (WR),2,Peggy
2023,Daniel Jones,QB,Daniel Jones (QB),1,Peggy
2023,Tyler Higbee,TE,Tyler Higbee (TE),1,Peggy
2023,Younghoe Koo,K,Younghoe Koo (K),1,Peggy
2023,Tyler Allgeier,RB,Tyler Allgeier (RB),1,Peggy
2023,Patrick Mahomes,QB,Patrick Mahomes (QB),45,Tom
2023,Amon-Ra St. Brown,WR,Amon-Ra St. Brown (WR),52,Tom
2023,DJ Moore,WR,DJ Moore (WR),17,Tom
2023,Aaron Jones,RB,Aaron Jones (RB),22,Tom
2023,Christian Watson,WR,Christian Watson (WR),10,Tom
2023,Gabe Davis,WR,Gabe Davis (WR),6,Tom
2023,Rhamondre Stevenson,RB,Rhamondre Stevenson (RB),19,Tom
2023,T.J. Hockenson,TE,T.J. Hockenson (TE),6,Tom
2023,Rachaad White,RB,Rachaad White (RB),5,Tom
2023,Daniel Carlson,K,Daniel Carlson (K),3,Tom
2023,Terry McLaurin,WR,Terry McLaurin (WR),3,Tom
2023,David Montgomery,RB,David Montgomery (RB),3,Tom
2023,Christian Kirk,WR,Christian Kirk (WR),2,Tom
2023,Treylon Burks,WR,Treylon Burks (WR),4,Tom
2023,Cooper Kupp,WR,Cooper Kupp (WR),77,David
2023,Nick Chubb,RB,Nick Chubb (RB),62,David
2023,Deebo Samuel,WR,Deebo Samuel (WR),18,David
2023,Amari Cooper,WR,Amari Cooper (WR),15,David
2023,Cam Akers,RB,Cam Akers (RB),12,David
2023,Trevor Lawrence,QB,Trevor Lawrence (QB),5,David
2023,Jahan Dotson,WR,Jahan Dotson (WR),3,David
2023,Pat Freiermuth,TE,Pat Freiermuth (TE),1,David
2023,Courtland Sutton,WR,Courtland Sutton (WR),1,David
2023,Evan McPherson,K,Evan McPherson (K),1,David
2023,Brock Purdy,QB,Brock Purdy (QB),1,David
2023,Bryce Young,QB,Bryce Young (QB),1,David
2023,Darnell Mooney,WR,Darnell Mooney (WR),1,David
2023,Elijah Mitchell,RB,Elijah Mitchell (RB),1,David
2023,Austin Ekeler,RB,Austin Ekeler (RB),78,Michael
2023,Bijan Robinson,RB,Bijan Robinson (RB),67,Michael
2023,James Conner,RB,James Conner (RB),13,Michael
2023,Chris Olave,WR,Chris Olave (WR),27,Michael
2023,Diontae Johnson,WR,Diontae Johnson (WR),5,Michael
2023,George Pickens,WR,George Pickens (WR),1,Michael
2023,Dalton Kincaid,TE,Dalton Kincaid (TE),1,Michael
2023,Jaylen Warren,RB,Jaylen Warren (RB),1,Michael
2023,Samaje Perine,RB,Samaje Perine (RB),1,Michael
2023,De'Von Achane,RB,De'Von Achane (RB),1,Michael
2023,Sam LaPorta,TE,Sam LaPorta (TE),1,Michael
2023,Roschon Johnson,RB,Roschon Johnson (RB),1,Michael
2023,Jason Sanders,K,Jason Sanders (K),1,Michael
2023,Jared Goff,QB,Jared Goff (QB),1,Michael
2023,Ja'Marr Chase,WR,Ja'Marr Chase (WR),86,Dongbo
2023,Joe Mixon,RB,Joe Mixon (RB),40,Dongbo
2023,Miles Sanders,RB,Miles Sanders (RB),15,Dongbo
2023,Jaylen Waddle,WR,Jaylen Waddle (WR),39,Dongbo
2023,Justin Fields,QB,Justin Fields (QB),8,Dongbo
2023,Drake London,WR,Drake London (WR),3,Dongbo
2023,David Njoku,TE,David Njoku (TE),1,Dongbo
2023,Harrison Butker,K,Harrison Butker (K),1,Dongbo
2023,DeeJay Dallas,RB,DeeJay Dallas (RB),1,Dongbo
2023,Aaron Rodgers,QB,Aaron Rodgers (QB),1,Dongbo
2023,Chase Brown,RB,Chase Brown (RB),1,Dongbo
2023,Zach Ertz,TE,Zach Ertz (TE),1,Dongbo
2023,Chris Evans,RB,Chris Evans (RB),1,Dongbo
2023,Chuba Hubbard,RB,Chuba Hubbard (RB),1,Dongbo
2023,Keenan Allen,WR,Keenan Allen (WR),30,Yiding
2023,Derrick Henry,RB,Derrick Henry (RB),61,Yiding
2023,CeeDee Lamb,WR,CeeDee Lamb (WR),61,Yiding
2023,DeVonta Smith,WR,DeVonta Smith (WR),27,Yiding
2023,Isiah Pacheco,RB,Isiah Pacheco (RB),6,Yiding
2023,Javonte Williams,RB,Javonte Williams (RB),1,Yiding
2023,Dalton Schultz,TE,Dalton Schultz (TE),1,Yiding
2023,Tua Tagovailoa,QB,Tua Tagovailoa (QB),1,Yiding
2023,Kadarius Toney,WR,Kadarius Toney (WR),1,Yiding
2023,Tank Bigsby,RB,Tank Bigsby (RB),1,Yiding
2023,Odell Beckham Jr.,WR,Odell Beckham Jr. (WR),1,Yiding
2023,Zay Jones,WR,Zay Jones (WR),1,Yiding
2023,Jake Elliott,K,Jake Elliott (K),1,Yiding
2023,Kenny Pickett,QB,Kenny Pickett (QB),1,Yiding
2023,Travis Kelce,TE,Travis Kelce (TE),85,Goutham
2023,Josh Jacobs,RB,Josh Jacobs (RB),55,Goutham
2023,DK Metcalf,WR,DK Metcalf (WR),33,Goutham
2023,DeAndre Hopkins,WR,DeAndre Hopkins (WR),15,Goutham
2023,Skyy Moore,WR,Skyy Moore (WR),2,Goutham
2023,Geno Smith,QB,Geno Smith (QB),1,Goutham
2023,Ezekiel Elliott,RB,Ezekiel Elliott (RB),1,Goutham
2023,Jerick McKinnon,RB,Jerick McKinnon (RB),1,Goutham
2023,DJ Chark,WR,DJ Chark (WR),1,Goutham
2023,Jeff Wilson Jr.,RB,Jeff Wilson Jr. (RB),1,Goutham
2023,Cameron Dicker,K,Cameron Dicker (K),1,Goutham
2023,D'Onta Foreman,RB,D'Onta Foreman (RB),1,Goutham
2023,Tyler Boyd,WR,Tyler Boyd (WR),1,Goutham
2023,Romeo Doubs,WR,Romeo Doubs (WR),1,Goutham
2023,Tony Pollard,RB,Tony Pollard (RB),71,Vinny
2023,Travis Etienne Jr.,RB,Travis Etienne Jr. (RB),39,Vinny
2023,Lamar Jackson,QB,Lamar Jackson (QB),31,Vinny
2023,Breece Hall,RB,Breece Hall (RB),23,Vinny
2023,Zay Flowers,WR,Zay Flowers (WR),3,Vinny
2023,Darren Waller,TE,Darren Waller (TE),11,Vinny
2023,Dalvin Cook,RB,Dalvin Cook (RB),3,Vinny
2023,J.K. Dobbins,RB,J.K. Dobbins (RB),7,Vinny
2023,Jerry Jeudy,WR,Jerry Jeudy (WR),4,Vinny
2023,Jordan Addison,WR,Jordan Addison (WR),1,Vinny
2023,Elijah Moore,WR,Elijah Moore (WR),2,Vinny
2023,Quentin Johnston,WR,Quentin Johnston (WR),1,Vinny
2023,Rashod Bateman,WR,Rashod Bateman (WR),2,Vinny
2023,Tyler Bass,K,Tyler Bass (K),1,Vinny
2023,Saquon Barkley,RB,Saquon Barkley (RB),60,Sam
2023,Justin Jefferson,WR,Justin Jefferson (WR),89,Sam
2023,Mark Andrews,TE,Mark Andrews (TE),29,Sam
2023,Justin Tucker,K,Justin Tucker (K),4,Sam
2023,Adam Thielen,WR,Adam Thielen (WR),2,Sam
2023,Zach Charbonnet,RB,Zach Charbonnet (RB),5,Sam
2023,Michael Thomas,WR,Michael Thomas (WR),3,Sam
2023,Khalil Herbert,RB,Khalil Herbert (RB),1,Sam
2023,Anthony Richardson,QB,Anthony Richardson (QB),1,Sam
2023,Nico Collins,WR,Nico Collins (WR),1,Sam
2023,Rashaad Penny,RB,Rashaad Penny (RB),1,Sam
2023,Russell Wilson,QB,Russell Wilson (QB),1,Sam
2023,Michael Gallup,WR,Michael Gallup (WR),1,Sam
2023,Joshua Kelley,RB,Joshua Kelley (RB),1,Sam
2023,Calvin Ridley,WR,Calvin Ridley (WR),40,Theo
2023,Deshaun Watson,QB,Deshaun Watson (QB),11,Theo
2023,Alvin Kamara,RB,Alvin Kamara (RB),18,Theo
2023,Jalen Hurts,QB,Jalen Hurts (QB),39,Theo
2023,Garrett Wilson,WR,Garrett Wilson (WR),50,Theo
2023,Najee Harris,RB,Najee Harris (RB),17,Theo
2023,Alexander Mattison,RB,Alexander Mattison (RB),14,Theo
2023,Antonio Gibson,RB,Antonio Gibson (RB),2,Theo
2023,Jaxon Smith-Njigba,WR,Jaxon Smith-Njigba (WR),2,Theo
2023,Marquise Brown,WR,Marquise Brown (WR),2,Theo
2023,Evan Engram,TE,Evan Engram (TE),1,Theo
2023,Cole Kmet,TE,Cole Kmet (TE),1,Theo
2023,Jakobi Meyers,WR,Jakobi Meyers (WR),1,Theo
2023,Jason Myers,K,Jason Myers (K),1,Theo
2023,Tyreek Hill,WR,Tyreek Hill (WR),80,Wenlong
2023,Dameon Pierce,RB,Dameon Pierce (RB),27,Wenlong
2023,Davante Adams,WR,Davante Adams (WR),58,Wenlong
2023,James Cook III,RB,James Cook III (RB),7,Wenlong
2023,Joe Burrow,QB,Joe Burrow (QB),8,Wenlong
2023,Kyle Pitts,TE,Kyle Pitts (TE),4,Wenlong
2023,Tyler Lockett,WR,Tyler Lockett (WR),4,Wenlong
2023,Brandon Aiyuk,WR,Brandon Aiyuk (WR),3,Wenlong
2023,Michael Pittman Jr.,WR,Michael Pittman Jr. (WR),1,Wenlong
2023,Raheem Mostert,RB,Raheem Mostert (RB),2,Wenlong
2023,AJ Dillon,RB,AJ Dillon (RB),1,Wenlong
2023,Jamaal Williams,RB,Jamaal Williams (RB),1,Wenlong
2023,Kirk Cousins,QB,Kirk Cousins (QB),1,Wenlong
2023,Graham Gano,K,Graham Gano (K),1,Wenlong
2024,A.J. Brown,WR,A.J. Brown (WR),69,Noah
2024,Stefon Diggs,WR,Stefon Diggs (WR),23,Noah
2024,Josh Allen,QB,Josh Allen (QB),22,Noah
2024,Calvin Ridley,WR,Calvin Ridley (WR),9,Noah
2024,Tee Higgins,WR,Tee Higgins (WR),8,Noah
2024,Rhamondre Stevenson,RB,Rhamondre Stevenson (RB),7,Noah
2024,Tony Pollard,RB,Tony Pollard (RB),8,Noah
2024,Amari Cooper,WR,Amari Cooper (WR),8,Noah
2024,D'Andre Swift,RB,D'Andre Swift (RB),10,Noah
2024,Keenan Allen,WR,Keenan Allen (WR),3,Noah
2024,Zack Moss,RB,Zack Moss (RB),3,Noah
2024,Xavier Worthy,WR,Xavier Worthy (WR),3,Noah
2024,Kyle Pitts,TE,Kyle Pitts (TE),2,Noah
2024,Jake Moody,K,Jake Moody (K),22,Noah
2024,Bijan Robinson,RB,Bijan Robinson (RB),91,Peggy
2024,Amon-Ra St. Brown,WR,Amon-Ra St. Brown (WR),76,Peggy
2024,Kenneth Walker III,RB,Kenneth Walker III (RB),18,Peggy
2024,David Njoku,TE,David Njoku (TE),3,Peggy
2024,Courtland Sutton,WR,Courtland Sutton (WR),1,Peggy
2024,Jordan Addison,WR,Jordan Addison (WR),2,Peggy
2024,Brock Purdy,QB,Brock Purdy (QB),1,Peggy
2024,Harrison Butker,K,Harrison Butker (K),1,Peggy
2024,J.K. Dobbins,RB,J.K. Dobbins (RB),1,Peggy
2024,Dalton Schultz,TE,Dalton Schultz (TE),1,Peggy
2024,Mike Williams,WR,Mike Williams (WR),1,Peggy
2024,Tyrone Tracy Jr.,RB,Tyrone Tracy Jr. (RB),1,Peggy
2024,Braelon Allen,RB,Braelon Allen (RB),1,Peggy
2024,Dontayvion Wicks,WR,Dontayvion Wicks (WR),1,Peggy
2024,Christian McCaffrey,RB,Christian McCaffrey (RB),100,Tom
2024,Mike Evans,WR,Mike Evans (WR),31,Tom
2024,Travis Kelce,TE,Travis Kelce (TE),31,Tom
2024,Jaylen Waddle,WR,Jaylen Waddle (WR),19,Tom
2024,David Montgomery,RB,David Montgomery (RB),9,Tom
2024,Devin Singletary,RB,Devin Singletary (RB),1,Tom
2024,Tua Tagovailoa,QB,Tua Tagovailoa (QB),1,Tom
2024,Ka'imi Fairbairn,K,Ka'imi Fairbairn (K),1,Tom
2024,Brandin Cooks,WR,Brandin Cooks (WR),1,Tom
2024,Chuba Hubbard,RB,Chuba Hubbard (RB),1,Tom
2024,Antonio Gibson,RB,Antonio Gibson (RB),1,Tom
2024,Gabe Davis,WR,Gabe Davis (WR),1,Tom
2024,Ty Chandler,RB,Ty Chandler (RB),1,Tom
2024,Romeo Doubs,WR,Romeo Doubs (WR),1,Tom
2024,Jonathan Taylor,RB,Jonathan Taylor (RB),65,David
2024,C.J. Stroud,QB,C.J. Stroud (QB),13,David
2024,Rachaad White,RB,Rachaad White (RB),27,David
2024,Trey McBride,TE,Trey McBride (TE),18,David
2024,Deebo Samuel,WR,Deebo Samuel (WR),32,David
2024,Tank Dell,RB,Tank Dell (RB),12,David
2024,George Kittle,TE,George Kittle (TE),7,David
2024,Zay Flowers,WR,Zay Flowers (WR),8,David
2024,Brandon Aubrey,K,Brandon Aubrey (K),3,David
2024,Chris Godwin,WR,Chris Godwin (WR),5,David
2024,Joe Burrow,QB,Joe Burrow (QB),4,David
2024,Ezekiel Elliott,RB,Ezekiel Elliott (RB),3,David
2024,Chase Brown,RB,Chase Brown (RB),1,David
2024,Darnell Mooney,WR,Darnell Mooney (WR),1,David
2024,CeeDee Lamb,WR,CeeDee Lamb (WR),71,Michael
2024,Rome Odunze,WR,Rome Odunze (WR),4,Michael
2024,Drake London,WR,Drake London (WR),37,Michael
2024,De'Von Achane,RB,De'Von Achane (RB),38,Michael
2024,Malik Nabers,WR,Malik Nabers (WR),19,Michael
2024,James Conner,RB,James Conner (RB),13,Michael
2024,Rashee Rice,WR,Rashee Rice (WR),5,Michael
2024,Najee Harris,RB,Najee Harris (RB),4,Michael
2024,Jaxon Smith-Njigba,WR,Jaxon Smith-Njigba (WR),2,Michael
2024,Jonathan Brooks,RB,Jonathan Brooks (RB),2,Michael
2024,Jameson Williams,WR,Jameson Williams (WR),1,Michael
2024,Brock Bowers,TE,Brock Bowers (TE),1,Michael
2024,Brett Maher,K,Brett Maher (K),1,Michael
2024,Justin Herbert,QB,Justin Herbert (QB),1,Michael
2024,Caleb Williams,QB,Caleb Williams (QB),6,Dongbo
2024,Derrick Henry,RB,Derrick Henry (RB),47,Dongbo
2024,Ja'Marr Chase,WR,Ja'Marr Chase (WR),73,Dongbo
2024,James Cook III,RB,James Cook III (RB),38,Dongbo
2024,Patrick Mahomes,QB,Patrick Mahomes (QB),13,Dongbo
2024,Lamar Jackson,QB,Lamar Jackson (QB),14,Dongbo
2024,Blake Corum,RB,Blake Corum (RB),1,Dongbo
2024,Tyler Lockett,WR,Tyler Lockett (WR),1,Dongbo
2024,T.J. Hockenson,TE,T.J. Hockenson (TE),1,Dongbo
2024,Kendre Miller,RB,Kendre Miller (RB),1,Dongbo
2024,Greg Zuerlein,K,Greg Zuerlein (K),1,Dongbo
2024,MarShawn Lloyd,RB,MarShawn Lloyd (RB),1,Dongbo
2024,Xavier Legette,WR,Xavier Legette (WR),1,Dongbo
2024,Jaylen Wright,RB,Jaylen Wright (RB),1,Dongbo
2024,Tyreek Hill,WR,Tyreek Hill (WR),73,Yiding
2024,Marvin Harrison Jr.,WR,Marvin Harrison Jr. (WR),49,Yiding
2024,Isiah Pacheco,RB,Isiah Pacheco (RB),43,Yiding
2024,Evan Engram,TE,Evan Engram (TE),5,Yiding
2024,Terry McLaurin,WR,Terry McLaurin (WR),6,Yiding
2024,Anthony Richardson,QB,Anthony Richardson (QB),7,Yiding
2024,Javonte Williams,RB,Javonte Williams (RB),6,Yiding
2024,Tyjae Spears,RB,Tyjae Spears (RB),3,Yiding
2024,Jerome Ford,RB,Jerome Ford (RB),1,Yiding
2024,Joshua Palmer,WR,Joshua Palmer (WR),1,Yiding
2024,Rashid Shaheed,WR,Rashid Shaheed (WR),1,Yiding
2024,Curtis Samuel,WR,Curtis Samuel (WR),1,Yiding
2024,Rico Dowdle,RB,Rico Dowdle (RB),1,Yiding
2024,Cameron Dicker,K,Cameron Dicker (K),1,Yiding
2024,Saquon Barkley,RB,Saquon Barkley (RB),55,Goutham
2024,Travis Etienne Jr.,RB,Travis Etienne Jr. (RB),41,Goutham
2024,Nico Collins,WR,Nico Collins (WR),29,Goutham
2024,Jalen Hurts,QB,Jalen Hurts (QB),16,Goutham
2024,DK Metcalf,WR,DK Metcalf (WR),32,Goutham
2024,Cooper Kupp,WR,Cooper Kupp (WR),18,Goutham
2024,Ladd McConkey,WR,Ladd McConkey (WR),1,Goutham
2024,Nick Chubb,RB,Nick Chubb (RB),1,Goutham
2024,Jayden Daniels,QB,Jayden Daniels (QB),1,Goutham
2024,Pat Freiermuth,TE,Pat Freiermuth (TE),1,Goutham
2024,Brian Thomas Jr.,WR,Brian Thomas Jr. (WR),1,Goutham
2024,Kimani Vidal,RB,Kimani Vidal (RB),1,Goutham
2024,Khalil Shakir,WR,Khalil Shakir (WR),1,Goutham
2024,Jason Myers,K,Jason Myers (K),1,Goutham
2024,Breece Hall,RB,Breece Hall (RB),80,Vinny
2024,Kyren Williams,RB,Kyren Williams (RB),56,Vinny
2024,DJ Moore,WR,DJ Moore (WR),29,Vinny
2024,George Pickens,WR,George Pickens (WR),12,Vinny
2024,Mark Andrews,TE,Mark Andrews (TE),11,Vinny
2024,Dak Prescott,QB,Dak Prescott (QB),3,Vinny
2024,DeAndre Hopkins,WR,DeAndre Hopkins (WR),1,Vinny
2024,Trey Benson,RB,Trey Benson (RB),1,Vinny
2024,Jakobi Meyers,WR,Jakobi Meyers (WR),1,Vinny
2024,Tyler Allgeier,RB,Tyler Allgeier (RB),1,Vinny
2024,Dallas Goedert,TE,Dallas Goedert (TE),1,Vinny
2024,Evan McPherson,K,Evan McPherson (K),1,Vinny
2024,Kendrick Bourne,WR,Kendrick Bourne (WR),1,Vinny
2024,Rashod Bateman,WR,Rashod Bateman (WR),1,Vinny
2024,Puka Nacua,WR,Puka Nacua (WR),59,Sam
2024,Alvin Kamara,RB,Alvin Kamara (RB),32,Sam
2024,Sam LaPorta,TE,Sam LaPorta (TE),38,Sam
2024,Justin Jefferson,WR,Justin Jefferson (WR),68,Sam
2024,Christian Kirk,WR,Christian Kirk (WR),3,Sam
2024,Jaylen Warren,RB,Jaylen Warren (RB),1,Sam
2024,Aaron Rodgers,QB,Aaron Rodgers (QB),1,Sam
2024,Zach Charbonnet,RB,Zach Charbonnet (RB),1,Sam
2024,Jake Elliott,K,Jake Elliott (K),1,Sam
2024,Kirk Cousins,QB,Kirk Cousins (QB),1,Sam
2024,DeMario Douglas,WR,DeMario Douglas (WR),1,Sam
2024,Jaleel McLaughlin,RB,Jaleel McLaughlin (RB),1,Sam
2024,Adam Thielen,WR,Adam Thielen (WR),1,Sam
2024,Adonai Mitchell,WR,Adonai Mitchell (WR),1,Sam
2024,Garrett Wilson,WR,Garrett Wilson (WR),61,Theo
2024,Michael Pittman Jr.,WR,Michael Pittman Jr. (WR),35,Theo
2024,Joe Mixon,RB,Joe Mixon (RB),32,Theo
2024,DeVonta Smith,WR,DeVonta Smith (WR),20,Theo
2024,Josh Jacobs,RB,Josh Jacobs (RB),19,Theo
2024,Kyler Murray,QB,Kyler Murray (QB),7,Theo
2024,Aaron Jones,RB,Aaron Jones (RB),3,Theo
2024,Raheem Mostert,RB,Raheem Mostert (RB),8,Theo
2024,Keon Coleman,WR,Keon Coleman (WR),2,Theo
2024,Dalton Kincaid,TE,Dalton Kincaid (TE),5,Theo
2024,Diontae Johnson,WR,Diontae Johnson (WR),4,Theo
2024,Marquise Brown,WR,Marquise Brown (WR),1,Theo
2024,Younghoe Koo,K,Younghoe Koo (K),1,Theo
2024,Jerry Jeudy,WR,Jerry Jeudy (WR),1,Theo
2024,Chris Olave,WR,Chris Olave (WR),49,Wenlong
2024,Austin Ekeler,RB,Austin Ekeler (RB),4,Wenlong
2024,Brandon Aiyuk,WR,Brandon Aiyuk (WR),27,Wenlong
2024,Jahmyr Gibbs,RB,Jahmyr Gibbs (RB),53,Wenlong
2024,Davante Adams,WR,Davante Adams (WR),42,Wenlong
2024,Zamir White,RB,Zamir White (RB),4,Wenlong
2024,Brian Robinson Jr.,RB,Brian Robinson Jr. (RB),3,Wenlong
2024,Jayden Reed,WR,Jayden Reed (WR),2,Wenlong
2024,Christian Watson,WR,Christian Watson (WR),2,Wenlong
2024,Gus Edwards,RB,Gus Edwards (RB),2,Wenlong
2024,Jordan Love,QB,Jordan Love (QB),2,Wenlong
2024,Taysom Hill,TE,Taysom Hill (TE),3,Wenlong
2024,Jake Ferguson,TE,Jake Ferguson (TE),2,Wenlong
2024,Justin Tucker,K,Justin Tucker (K),3,Wenlong
2025,Saquon Barkley,RB,Saquon Barkley (RB),73,Noah
2025,Lamar Jackson,QB,Lamar Jackson (QB),37,Noah
2025,Jonathan Taylor,RB,Jonathan Taylor (RB),47,Noah
2025,DJ Moore,WR,DJ Moore (WR),10,Noah
2025,George Pickens,WR,George Pickens (WR),10,Noah
2025,Patrick Mahomes,QB,Patrick Mahomes (QB),5,Noah
2025,Sam LaPorta,TE,Sam LaPorta (TE),7,Noah
2025,Deebo Samuel,WR,Deebo Samuel (WR),4,Noah
2025,Jake Bates,K,Jake Bates (K),1,Noah
2025,J.J. McCarthy,QB,J.J. McCarthy (QB),1,Noah
2025,Christian Kirk,WR,Christian Kirk (WR),1,Noah
2025,Raheem Mostert,RB,Raheem Mostert (RB),1,Noah
2025,Aaron Shampklin,RB,Aaron Shampklin (RB),1,Noah
2025,Xavier Legette,WR,Xavier Legette (WR),1,Noah
2025,Bijan Robinson,RB,Bijan Robinson (RB),70,Peggy
2025,Amon-Ra St. Brown,WR,Amon-Ra St. Brown (WR),64,Peggy
2025,Tyreek Hill,WR,Tyreek Hill (WR),37,Peggy
2025,Xavier Worthy,WR,Xavier Worthy (WR),7,Peggy
2025,Stefon Diggs,WR,Stefon Diggs (WR),6,Peggy
2025,Aaron Jones,RB,Aaron Jones (RB),7,Peggy
2025,Justin Herbert,QB,Justin Herbert (QB),1,Peggy
2025,Dallas Goedert,TE,Dallas Goedert (TE),1,Peggy
2025,Josh Downs,WR,Josh Downs (WR),1,Peggy
2025,Tyler Allgeier,RB,Tyler Allgeier (RB),1,Peggy
2025,Jaydon Blue,RB,Jaydon Blue (RB),1,Peggy
2025,Matt Gay,K,Matt Gay (K),1,Peggy
2025,Jaylen Wright,RB,Jaylen Wright (RB),1,Peggy
2025,Tory Horton,WR,Tory Horton (WR),1,Peggy
2025,Justin Jefferson,WR,Justin Jefferson (WR),68,Tom
2025,Josh Jacobs,RB,Josh Jacobs (RB),46,Tom
2025,Kyren Williams,RB,Kyren Williams (RB),37,Tom
2025,David Montgomery,RB,David Montgomery (RB),12,Tom
2025,Jaxon Smith-Njigba,WR,Jaxon Smith-Njigba (WR),24,Tom
2025,Chris Godwin,WR,Chris Godwin (WR),3,Tom
2025,J.K. Dobbins,RB,J.K. Dobbins (RB),2,Tom
2025,Dak Prescott,QB,Dak Prescott (QB),1,Tom
2025,Khalil Shakir,WR,Khalil Shakir (WR),1,Tom
2025,Tyler Bass,K,Tyler Bass (K),1,Tom
2025,Dalton Kincaid,TE,Dalton Kincaid (TE),1,Tom
2025,Alec Pierce,WR,Alec Pierce (WR),1,Tom
2025,Cedric Tillman,WR,Cedric Tillman (WR),1,Tom
2025,Hunter Henry,TE,Hunter Henry (TE),1,Tom
2025,Drake London,WR,Drake London (WR),42,David
2025,Chase Brown,RB,Chase Brown (RB),42,David
2025,Travis Hunter,WR,Travis Hunter (WR),9,David
2025,Jalen Hurts,QB,Jalen Hurts (QB),29,David
2025,Trey McBride,TE,Trey McBride (TE),39,David
2025,Rashee Rice,WR,Rashee Rice (WR),9,David
2025,D'Andre Swift,RB,D'Andre Swift (RB),11,David
2025,Brandon Aubrey,K,Brandon Aubrey (K),5,David
2025,Kaleb Johnson,RB,Kaleb Johnson (RB),2,David
2025,Jauan Jennings,WR,Jauan Jennings (WR),6,David
2025,Jordan Love,QB,Jordan Love (QB),1,David
2025,Jake Ferguson,TE,Jake Ferguson (TE),2,David
2025,Jalen McMillan,WR,Jalen McMillan (WR),1,David
2025,Rashid Shaheed,WR,Rashid Shaheed (WR),1,David
2025,Nico Collins,WR,Nico Collins (WR),57,Michael
2025,Brian Thomas Jr.,WR,Brian Thomas Jr. (WR),54,Michael
2025,Kenneth Walker III,RB,Kenneth Walker III (RB),27,Michael
2025,Matthew Golden,WR,Matthew Golden (WR),10,Michael
2025,Emeka Egbuka,WR,Emeka Egbuka (WR),17,Michael
2025,Tyrone Tracy Jr.,RB,Tyrone Tracy Jr. (RB),8,Michael
2025,Brock Purdy,QB,Brock Purdy (QB),4,Michael
2025,Tucker Kraft,TE,Tucker Kraft (TE),2,Michael
2025,Ricky Pearsall,WR,Ricky Pearsall (WR),8,Michael
2025,Jordan Mason,RB,Jordan Mason (RB),4,Michael
2025,Zach Charbonnet,RB,Zach Charbonnet (RB),1,Michael
2025,Tyler Warren,TE,Tyler Warren (TE),2,Michael
2025,Bhayshul Tuten,RB,Bhayshul Tuten (RB),1,Michael
2025,Chase McLaughlin,K,Chase McLaughlin (K),3,Michael
2025,Kyle Pitts,TE,Kyle Pitts (TE),2,Dongbo
2025,Jameson Williams,WR,Jameson Williams (WR),9,Dongbo
2025,Austin Ekeler,RB,Austin Ekeler (RB),1,Dongbo
2025,Malik Nabers,WR,Malik Nabers (WR),65,Dongbo
2025,Jayden Daniels,QB,Jayden Daniels (QB),29,Dongbo
2025,Tee Higgins,WR,Tee Higgins (WR),25,Dongbo
2025,TreVeyon Henderson,RB,TreVeyon Henderson (RB),20,Dongbo
2025,Chuba Hubbard,RB,Chuba Hubbard (RB),20,Dongbo
2025,RJ Harvey,RB,RJ Harvey (RB),17,Dongbo
2025,Rome Odunze,WR,Rome Odunze (WR),6,Dongbo
2025,Jordan Addison,WR,Jordan Addison (WR),2,Dongbo
2025,Jacory Croskey-Merritt,RB,Jacory Croskey-Merritt (RB),1,Dongbo
2025,Rhamondre Stevenson,RB,Rhamondre Stevenson (RB),1,Dongbo
2025,Jason Sanders,K,Jason Sanders (K),1,Dongbo
2025,Marvin Harrison Jr.,WR,Marvin Harrison Jr. (WR),20,Yiding
2025,A.J. Brown,WR,A.J. Brown (WR),52,Yiding
2025,Ladd McConkey,WR,Ladd McConkey (WR),35,Yiding
2025,Garrett Wilson,WR,Garrett Wilson (WR),29,Yiding
2025,James Cook III,RB,James Cook III (RB),29,Yiding
2025,Isiah Pacheco,RB,Isiah Pacheco (RB),9,Yiding
2025,Tony Pollard,RB,Tony Pollard (RB),10,Yiding
2025,Javonte Williams,RB,Javonte Williams (RB),2,Yiding
2025,Mark Andrews,TE,Mark Andrews (TE),4,Yiding
2025,Justin Fields,QB,Justin Fields (QB),2,Yiding
2025,Colston Loveland,TE,Colston Loveland (TE),2,Yiding
2025,Darnell Mooney,WR,Darnell Mooney (WR),2,Yiding
2025,Cam Skattebo,RB,Cam Skattebo (RB),2,Yiding
2025,Evan McPherson,K,Evan McPherson (K),1,Yiding
2025,Ja'Marr Chase,WR,Ja'Marr Chase (WR),73,Goutham
2025,Omarion Hampton,RB,Omarion Hampton (RB),30,Goutham
2025,Bucky Irving,RB,Bucky Irving (RB),47,Goutham
2025,George Kittle,TE,George Kittle (TE),25,Goutham
2025,Zay Flowers,WR,Zay Flowers (WR),6,Goutham
2025,David Njoku,TE,David Njoku (TE),3,Goutham
2025,Bo Nix,QB,Bo Nix (QB),3,Goutham
2025,Braelon Allen,RB,Braelon Allen (RB),1,Goutham
2025,Jaylen Warren,RB,Jaylen Warren (RB),2,Goutham
2025,Keon Coleman,WR,Keon Coleman (WR),1,Goutham
2025,Drake Maye,QB,Drake Maye (QB),1,Goutham
2025,Travis Etienne Jr.,RB,Travis Etienne Jr. (RB),2,Goutham
2025,Jayden Higgins,WR,Jayden Higgins (WR),2,Goutham
2025,Chris Boswell,K,Chris Boswell (K),1,Goutham
2025,Josh Allen,QB,Josh Allen (QB),28,Vinny
2025,Puka Nacua,WR,Puka Nacua (WR),60,Vinny
2025,Brock Bowers,TE,Brock Bowers (TE),41,Vinny
2025,James Conner,RB,James Conner (RB),25,Vinny
2025,Terry McLaurin,WR,Terry McLaurin (WR),24,Vinny
2025,DK Metcalf,WR,DK Metcalf (WR),12,Vinny
2025,Rachaad White,RB,Rachaad White (RB),1,Vinny
2025,Jerome Ford,RB,Jerome Ford (RB),1,Vinny
2025,Tyjae Spears,RB,Tyjae Spears (RB),1,Vinny
2025,Ka'imi Fairbairn,K,Ka'imi Fairbairn (K),2,Vinny
2025,Miles Sanders,RB,Miles Sanders (RB),1,Vinny
2025,Keenan Allen,WR,Keenan Allen (WR),1,Vinny
2025,Caleb Williams,QB,Caleb Williams (QB),1,Vinny
2025,Jared Goff,QB,Jared Goff (QB),1,Vinny
2025,CeeDee Lamb,WR,CeeDee Lamb (WR),68,Sam
2025,Ashton Jeanty,RB,Ashton Jeanty (RB),51,Sam
2025,De'Von Achane,RB,De'Von Achane (RB),48,Sam
2025,Jaylen Waddle,WR,Jaylen Waddle (WR),11,Sam
2025,Cooper Kupp,WR,Cooper Kupp (WR),6,Sam
2025,Travis Kelce,TE,Travis Kelce (TE),3,Sam
2025,Jayden Reed,WR,Jayden Reed (WR),2,Sam
2025,Cam Ward,QB,Cam Ward (QB),2,Sam
2025,Kyler Murray,QB,Kyler Murray (QB),3,Sam
2025,Nick Chubb,RB,Nick Chubb (RB),1,Sam
2025,Jake Elliott,K,Jake Elliott (K),1,Sam
2025,Adam Thielen,WR,Adam Thielen (WR),1,Sam
2025,Marvin Mims Jr.,WR,Marvin Mims Jr. (WR),1,Sam
2025,Kareem Hunt,RB,Kareem Hunt (RB),1,Sam
2025,Christian McCaffrey,RB,Christian McCaffrey (RB),66,Theo
2025,Derrick Henry,RB,Derrick Henry (RB),55,Theo
2025,Calvin Ridley,WR,Calvin Ridley (WR),16,Theo
2025,Baker Mayfield,QB,Baker Mayfield (QB),7,Theo
2025,Mike Evans,WR,Mike Evans (WR),19,Theo
2025,Chris Olave,WR,Chris Olave (WR),5,Theo
2025,Breece Hall,RB,Breece Hall (RB),16,Theo
2025,DeVonta Smith,WR,DeVonta Smith (WR),6,Theo
2025,Evan Engram,TE,Evan Engram (TE),2,Theo
2025,Isaac Guerendo,RB,Isaac Guerendo (RB),1,Theo
2025,Joe Mixon,RB,Joe Mixon (RB),1,Theo
2025,Quinshon Judkins,RB,Quinshon Judkins (RB),1,Theo
2025,Harrison Butker,K,Harrison Butker (K),1,Theo
2025,Brandon Aiyuk,WR,Brandon Aiyuk (WR),2,Theo
2025,Jahmyr Gibbs,RB,Jahmyr Gibbs (RB),65,Wenlong
2025,Davante Adams,WR,Davante Adams (WR),38,Wenlong
2025,Tetairoa McMillan,WR,Tetairoa McMillan (WR),12,Wenlong
2025,Joe Burrow,QB,Joe Burrow (QB),19,Wenlong
2025,Alvin Kamara,RB,Alvin Kamara (RB),24,Wenlong
2025,Courtland Sutton,WR,Courtland Sutton (WR),11,Wenlong
2025,Michael Pittman Jr.,WR,Michael Pittman Jr. (WR),2,Wenlong
2025,T.J. Hockenson,TE,T.J. Hockenson (TE),6,Wenlong
2025,Jerry Jeudy,WR,Jerry Jeudy (WR),5,Wenlong
2025,Jakobi Meyers,WR,Jakobi Meyers (WR),4,Wenlong
2025,Brian Robinson Jr.,RB,Brian Robinson Jr. (RB),4,Wenlong
2025,Najee Harrison,RB,Najee Harrison (RB),3,Wenlong
2025,Tank Bigsby,RB,Tank Bigsby (RB),3,Wenlong
2025,Cameron Dicker,K,Cameron Dicker (K),2,Wenlong
2026,George Kittle,TE,George Kittle (TE),7,Noah
2026,Josh Allen,QB,Josh Allen (QB),36,Noah
2026,De'Von Achane,RB,De'Von Achane (RB),68,Noah
2026,Derrick Henry,RB,Derrick Henry (RB),49,Noah
2026,Tetairoa McMillan,WR,Tetairoa McMillan (WR),17,Noah
2026,Terry McLaurin,WR,Terry McLaurin (WR),12,Noah
2026,Cam Little,K,Cam Little (K),1,Noah
2026,Rachaad White,RB,Rachaad White (RB),2,Noah
2026,Rico Dowdle,RB,Rico Dowdle (RB),2,Noah
2026,Patrick Mahomes,QB,Patrick Mahomes (QB),1,Noah
2026,Jonah Coleman,RB,Jonah Coleman (RB),1,Noah
2026,Isiah Pacheco,RB,Isiah Pacheco (RB),1,Noah
2026,Adonai Mitchell,WR,Adonai Mitchell (WR),1,Noah
2026,AJ Barner,TE,AJ Barner (TE),1,Noah
2026,Ja'Marr Chase,WR,Ja'Marr Chase (WR),73,Peggy
2026,James Cook III,RB,James Cook III (RB),61,Peggy
2026,Mike Evans,WR,Mike Evans (WR),12,Peggy
2026,David Montgomery,RB,David Montgomery (RB),15,Peggy
2026,Tyler Warren,TE,Tyler Warren (TE),9,Peggy
2026,Rhamondre Stevenson,RB,Rhamondre Stevenson (RB),9,Peggy
2026,Justin Herbert,QB,Justin Herbert (QB),4,Peggy
2026,Jameson Williams,WR,Jameson Williams (WR),8,Peggy
2026,Cameron Dicker,K,Cameron Dicker (K),2,Peggy
2026,Chris Godwin,WR,Chris Godwin (WR),1,Peggy
2026,Jakobi Meyers,WR,Jakobi Meyers (WR),2,Peggy
2026,Brian Robinson Jr.,RB,Brian Robinson Jr. (RB),1,Peggy
2026,Mike Washington Jr.,RB,Mike Washington Jr. (RB),1,Peggy
2026,Mark Andrews,TE,Mark Andrews (TE),1,Peggy
2026,De'Zhaun Stribling,WR,De'Zhaun Stribling (WR),6,Tom
2026,Justin Jefferson,WR,Justin Jefferson (WR),65,Tom
2026,Saquon Barkley,RB,Saquon Barkley (RB),56,Tom
2026,Travis Etienne Jr.,RB,Travis Etienne Jr. (RB),25,Tom
2026,Rome Odunze,WR,Rome Odunze (WR),12,Tom
2026,Emeka Egbuka,WR,Emeka Egbuka (WR),21,Tom
2026,Stefon Diggs,WR,Stefon Diggs (WR),3,Tom
2026,Kyle Pitts,TE,Kyle Pitts (TE),3,Tom
2026,Dak Prescott,QB,Dak Prescott (QB),3,Tom
2026,Jordan Addison,WR,Jordan Addison (WR),1,Tom
2026,Tyjae Spears,RB,Tyjae Spears (RB),1,Tom
2026,Romeo Doubs,WR,Romeo Doubs (WR),1,Tom
2026,Tyler Shough,QB,Tyler Shough (QB),1,Tom
2026,Will Reichard,K,Will Reichard (K),1,Tom
2026,Trey McBride,TE,Trey McBride (TE),41,David
2026,Rashee Rice,WR,Rashee Rice (WR),29,David
2026,George Pickens,WR,George Pickens (WR),34,David
2026,Josh Jacobs,RB,Josh Jacobs (RB),31,David
2026,Kyren Williams,RB,Kyren Williams (RB),35,David
2026,Quinshon Judkins,RB,Quinshon Judkins (RB),17,David
2026,Jayden Daniels,QB,Jayden Daniels (QB),4,David
2026,Jason Myers,K,Jason Myers (K),1,David
2026,Matthew Stafford,QB,Matthew Stafford (QB),2,David
2026,Alec Pierce,WR,Alec Pierce (WR),1,David
2026,Jayden Reed,WR,Jayden Reed (WR),1,David
2026,Kenyon Sadiq,TE,Kenyon Sadiq (TE),1,David
2026,Khalil Shakir,WR,Khalil Shakir (WR),1,David
2026,Jalen McMillan,WR,Jalen McMillan (WR),1,David
2026,Amon-Ra St. Brown,WR,Amon-Ra St. Brown (WR),69,Michael
2026,CeeDee Lamb,WR,CeeDee Lamb (WR),65,Michael
2026,Malik Nabers,WR,Malik Nabers (WR),35,Michael
2026,Luther Burden III,WR,Luther Burden III (WR),8,Michael
2026,Caleb Williams,QB,Caleb Williams (QB),4,Michael
2026,Dalton Kincaid,TE,Dalton Kincaid (TE),2,Michael
2026,Kenny Gainwell,RB,Kenny Gainwell (RB),4,Michael
2026,Jacory Croskey-Merritt,RB,Jacory Croskey-Merritt (RB),2,Michael
2026,RJ Harvey,RB,RJ Harvey (RB),2,Michael
2026,Jordan Mason,RB,Jordan Mason (RB),2,Michael
2026,Blake Corum,RB,Blake Corum (RB),3,Michael
2026,Jordyn Tyson,WR,Jordyn Tyson (WR),1,Michael
2026,Josh Downs,WR,Josh Downs (WR),1,Michael
2026,Harrison Mevis,K,Harrison Mevis (K),1,Michael
2026,Christian McCaffrey,RB,Christian McCaffrey (RB),72,Dongbo
2026,Drake London,WR,Drake London (WR),54,Dongbo
2026,Brock Bowers,TE,Brock Bowers (TE),35,Dongbo
2026,Cam Skattebo,RB,Cam Skattebo (RB),21,Dongbo
2026,Kaelon Black,RB,Kaelon Black (RB),2,Dongbo
2026,Courtland Sutton,WR,Courtland Sutton (WR),5,Dongbo
2026,Trevor Lawrence,QB,Trevor Lawrence (QB),3,Dongbo
2026,Wan'Dale Robinson,WR,Wan'Dale Robinson (WR),1,Dongbo
2026,Travis Hunter,WR,Travis Hunter (WR),1,Dongbo
2026,Jake Ferguson,TE,Jake Ferguson (TE),1,Dongbo
2026,Tyler Loop,K,Tyler Loop (K),1,Dongbo
2026,Jalen Coker,WR,Jalen Coker (WR),1,Dongbo
2026,Jared Goff,QB,Jared Goff (QB),1,Dongbo
2026,Daniel Jones,QB,Daniel Jones (QB),1,Dongbo
2026,Jahmyr Gibbs,RB,Jahmyr Gibbs (RB),80,Yiding
2026,Javonte Williams,RB,Javonte Williams (RB),33,Yiding
2026,Ladd McConkey,WR,Ladd McConkey (WR),22,Yiding
2026,Carnell Tate,WR,Carnell Tate (WR),8,Yiding
2026,DeVonta Smith,WR,DeVonta Smith (WR),23,Yiding
2026,Marvin Harrison Jr.,WR,Marvin Harrison Jr. (WR),5,Yiding
2026,Matthew Golden,WR,Matthew Golden (WR),4,Yiding
2026,Jaylen Waddle,WR,Jaylen Waddle (WR),16,Yiding
2026,Kyle Monangai,RB,Kyle Monangai (RB),2,Yiding
2026,Travis Kelce,TE,Travis Kelce (TE),1,Yiding
2026,Bo Nix,QB,Bo Nix (QB),1,Yiding
2026,Aaron Jones,RB,Aaron Jones (RB),2,Yiding
2026,Juwan Johnson,TE,Juwan Johnson (TE),1,Yiding
2026,Cairo Santos,K,Cairo Santos (K),1,Yiding
2026,Jaxon Smith-Njigba,WR,Jaxon Smith-Njigba (WR),69,Goutham
2026,Puka Nacua,WR,Puka Nacua (WR),70,Goutham
2026,D'Andre Swift,RB,D'Andre Swift (RB),22,Goutham
2026,Lamar Jackson,QB,Lamar Jackson (QB),12,Goutham
2026,Sam LaPorta,TE,Sam LaPorta (TE),7,Goutham
2026,J.K. Dobbins,RB,J.K. Dobbins (RB),3,Goutham
2026,Tony Pollard,RB,Tony Pollard (RB),4,Goutham
2026,Christian Watson,WR,Christian Watson (WR),1,Goutham
2026,Jaylen Warren,RB,Jaylen Warren (RB),4,Goutham
2026,Keaton Mitchell,RB,Keaton Mitchell (RB),3,Goutham
2026,Chris Rodriguez Jr.,RB,Chris Rodriguez Jr. (RB),1,Goutham
2026,Eddy Pineiro,K,Eddy Pineiro (K),1,Goutham
2026,KC Concepcion,WR,KC Concepcion (WR),1,Goutham
2026,Kyler Murray,QB,Kyler Murray (QB),1,Goutham
2026,Bijan Robinson,RB,Bijan Robinson (RB),74,Vinny
2026,Jeremiyah Love,RB,Jeremiyah Love (RB),37,Vinny
2026,Ashton Jeanty,RB,Ashton Jeanty (RB),48,Vinny
2026,Deebo Samuel,WR,Deebo Samuel (WR),1,Vinny
2026,Chris Olave,WR,Chris Olave (WR),26,Vinny
2026,Joe Burrow,QB,Joe Burrow (QB),4,Vinny
2026,Dallas Goedert,TE,Dallas Goedert (TE),1,Vinny
2026,Jake Bates,K,Jake Bates (K),1,Vinny
2026,Quentin Johnston,WR,Quentin Johnston (WR),1,Vinny
2026,Zach Charbonnet,RB,Zach Charbonnet (RB),2,Vinny
2026,Keenan Allen,WR,Keenan Allen (WR),1,Vinny
2026,Tre Tucker,WR,Tre Tucker (WR),1,Vinny
2026,Rashid Shaheed,WR,Rashid Shaheed (WR),1,Vinny
2026,Tyler Allgeier,RB,Tyler Allgeier (RB),1,Vinny
2026,A.J. Brown,WR,A.J. Brown (WR),50,Sam
2026,Bucky Irving,RB,Bucky Irving (RB),22,Sam
2026,Kenneth Walker III,RB,Kenneth Walker III (RB),52,Sam
2026,DJ Moore,WR,DJ Moore (WR),12,Sam
2026,Brock Purdy,QB,Brock Purdy (QB),3,Sam
2026,Colston Loveland,TE,Colston Loveland (TE),16,Sam
2026,TreVeyon Henderson,RB,TreVeyon Henderson (RB),14,Sam
2026,Zay Flowers,WR,Zay Flowers (WR),11,Sam
2026,Bhayshul Tuten,RB,Bhayshul Tuten (RB),8,Sam
2026,DK Metcalf,WR,DK Metcalf (WR),4,Sam
2026,Harrison Butker,K,Harrison Butker (K),1,Sam
2026,Chuba Hubbard,RB,Chuba Hubbard (RB),3,Sam
2026,Jaylin Noel,WR,Jaylin Noel (WR),1,Sam
2026,Baker Mayfield,QB,Baker Mayfield (QB),1,Sam
2026,Breece Hall,RB,Breece Hall (RB),39,Theo
2026,Garrett Wilson,WR,Garrett Wilson (WR),36,Theo
2026,Chase Brown,RB,Chase Brown (RB),55,Theo
2026,Nico Collins,WR,Nico Collins (WR),34,Theo
2026,Tucker Kraft,TE,Tucker Kraft (TE),5,Theo
2026,Tank Dell,RB,Tank Dell (RB),1,Theo
2026,Tee Higgins,WR,Tee Higgins (WR),14,Theo
2026,Drake Maye,QB,Drake Maye (QB),6,Theo
2026,Ka'imi Fairbairn,K,Ka'imi Fairbairn (K),1,Theo
2026,Brian Thomas Jr.,WR,Brian Thomas Jr. (WR),3,Theo
2026,Woody Marks,RB,Woody Marks (RB),1,Theo
2026,Xavier Worthy,WR,Xavier Worthy (WR),1,Theo
2026,Darren Waller,TE,Darren Waller (TE),1,Theo
2026,Alvin Kamara,RB,Alvin Kamara (RB),1,Theo
2026,Jonathan Taylor,RB,Jonathan Taylor (RB),70,Wenlong
2026,Omarion Hampton,RB,Omarion Hampton (RB),53,Wenlong
2026,Davante Adams,WR,Davante Adams (WR),26,Wenlong
2026,Jonathan Brooks,RB,Jonathan Brooks (RB),4,Wenlong
2026,Jaxson Dart,QB,Jaxson Dart (QB),4,Wenlong
2026,Jalen Hurts,QB,Jalen Hurts (QB),6,Wenlong
2026,Parker Washington,WR,Parker Washington (WR),7,Wenlong
2026,Harold Fannin Jr.,TE,Harold Fannin Jr. (TE),2,Wenlong
2026,Jadarian Price,RB,Jadarian Price (RB),7,Wenlong
2026,Brandon Aubrey,K,Brandon Aubrey (K),3,Wenlong
2026,Michael Pittman Jr.,WR,Michael Pittman Jr. (WR),3,Wenlong
2026,Isaiah Likely,TE,Isaiah Likely (TE),3,Wenlong
2026,Makai Lemon,WR,Makai Lemon (WR),3,Wenlong
2026,Michael Wilson,WR,Michael Wilson (WR),4,Wenlong